Entity,Relationship,Field,Label,DataType,EnumValues,Source,SNAP,Medicaid (MAGI),Medicaid (Non-MAGI),TANF,SSI,WIC,CHIP,Section 8 Housing,LIHEAP,Summer EBT,Policy/Statute,Notes,OBBBA (H.R.1)
Household,1 per Application,,,,,,,,,,,,,,,,,,,
Household,,id,Household ID,uuid,,system,,,,,,,,,,,,,
Household,,size,Household Size,integer,,derived,Required,Required,Required,Required,Required,,Required,Required,Required,Required,,"Count of Person records in household",
Household,,purchasePrepareFoodTogether,Purchase and Prepare Food Together,boolean,,applicant,Required,,,,,,,,,,7 CFR 273.1(a),Defines SNAP household unit,
Household,,livingArrangement,Living Arrangement,enum,"own_home|rent|living_with_others|institutional|other",applicant,Required,,Required,Required,Required,,,Required,,,"7 CFR 273.1 (SNAP); 42 CFR 435.1010 (Medicaid); 20 CFR 416.1132 (SSI)","SSI benefits reduced for certain living arrangements; Medicaid non-MAGI: institutional vs community determines pathway",
Household,,sharedQuartersWithNonMembers,Shared Quarters with Non-Household Members,boolean,,applicant,Required,,,,,,,,Required,,,,,
Household,,isHomeless,Homeless Status,boolean,,applicant,Required,,,Required,,,,Required,,Required,,"Homeless youth categorically eligible for Summer EBT",
Household,,physicalStreet1,Physical Address Line 1,string,,applicant,Required,Required,Required,Required,Required,,Required,Required,Required,Required,,,
Household,,physicalStreet2,Physical Address Line 2,string,,applicant,,,,,,,,,,,,,
Household,,physicalCity,Physical Address City,string,,applicant,Required,Required,Required,Required,Required,,Required,Required,Required,Required,,,
Household,,physicalState,Physical Address State,string,,applicant,Required,Required,Required,Required,Required,,Required,Required,Required,Required,"7 CFR 273.3 (SNAP); 42 CFR 435.403 (Medicaid)",Determines state of residence for eligibility,
Household,,physicalCounty,Physical Address County,string,,applicant,Required,Required,Required,Required,Required,,Required,Required,Required,Required,,County may determine local benefit office and benefit levels,
Household,,physicalZip,Physical Address ZIP,string,,applicant,Required,Required,Required,Required,Required,,Required,Required,Required,Required,,,
Household,,mailingStreet1,Mailing Address Line 1,string,,applicant,Required,Required,Required,Required,Required,Required,Required,Required,Required,Required,,,
Household,,mailingStreet2,Mailing Address Line 2,string,,applicant,,,,,,,,,,,,,
Household,,mailingCity,Mailing Address City,string,,applicant,Required,Required,Required,Required,Required,Required,Required,Required,Required,Required,,,
Household,,mailingState,Mailing Address State,string,,applicant,Required,Required,Required,Required,Required,Required,Required,Required,Required,Required,,,
Household,,mailingZip,Mailing Address ZIP,string,,applicant,Required,Required,Required,Required,Required,Required,Required,Required,Required,Required,,,
Household,,stateResidencySinceDate,State Residency Since,date,,applicant,,Required,Required,,,,,,,,,"42 CFR 435.403 (no durational requirement, but intent to reside required)",,
Household,,previousHousingAssistance,Previous Participation in Housing Assistance,boolean,,applicant,,,,,,,,Required,,,24 CFR 982.552,,
Household,,familyType,Family Type,enum,"family|elderly|disabled",applicant,,,,,,,,Required,,,24 CFR 982.201,Section 8 family classification,
Household,,shelterCostRent,Monthly Rent Amount,number,,applicant,Required,,,,,,,Required,Required,,"7 CFR 273.9(d)(6) (SNAP shelter deduction); 24 CFR 982.503 (Section 8 payment standard)",,
Household,,shelterCostMortgage,Monthly Mortgage Amount,number,,applicant,Required,,,,,,,Required,Required,,,,
Household,,shelterCostPropertyTax,Monthly Property Tax,number,,applicant,Required,,,,,,,,,,7 CFR 273.9(d)(6)(ii),Included in SNAP shelter cost calculation,
Household,,shelterCostInsurance,Monthly Homeowner Insurance,number,,applicant,Required,,,,,,,,,,7 CFR 273.9(d)(6)(ii),,
Household,,utilityCostHeating,Heating/Cooling Cost,number,,applicant,Required,,,,,,,Required,Required,,"7 CFR 273.9(d)(6)(iii) (SNAP SUA or actual); 42 USC 8624 (LIHEAP)",,
Household,,utilityCostElectric,Electric Cost,number,,applicant,Required,,,,,,,Required,Required,,,,
Household,,utilityCostGas,Gas Cost,number,,applicant,Required,,,,,,,Required,Required,,,,
Household,,utilityCostWater,Water/Sewer Cost,number,,applicant,Required,,,,,,,Required,Required,,,,
Household,,utilityCostTelephone,Telephone Cost,number,,applicant,Required,,,,,,,,,,7 CFR 273.9(d)(6)(iii),SNAP standard telephone allowance,
Household,,primaryContactPhone,Primary Contact Phone,string,,applicant,Required,Required,Required,Required,Required,Required,Required,Required,Required,Required,,,
Household,,primaryContactEmail,Primary Contact Email,string,,applicant,,,,,,,,,,,,"Optional but increasingly used for notices and correspondence",
Household,,preferredLanguage,Preferred Language,enum,"english|spanish|chinese|vietnamese|korean|tagalog|arabic|french|haitian_creole|russian|portuguese|other",applicant,Required,Required,Required,Required,Required,Required,Required,Required,Required,Required,,"Required for language access compliance under Title VI of the Civil Rights Act",
Household,,createdAt,Created At,datetime,,system,,,,,,,,,,,,,
Household,,updatedAt,Updated At,datetime,,system,,,,,,,,,,,,,
Person,1..N per Household,,,,,,,,,,,,,,,,,,,
Person,,id,Person ID,uuid,,system,,,,,,,,,,,,,
Person,,householdId,Household ID,uuid,,system,,,,,,,,,,,,"FK to Household",
Person,,firstName,First Name,string,,applicant,Required,Required,Required,Required,Required,Required,Required,Required,Required,Required,,,
Person,,middleName,Middle Name,string,,applicant,,,,,,,,,,,,,
Person,,lastName,Last Name,string,,applicant,Required,Required,Required,Required,Required,Required,Required,Required,Required,Required,,,
Person,,suffix,Name Suffix,string,,applicant,,,,,,,,,,,,,
Person,,dateOfBirth,Date of Birth,date,,applicant,Required,Required,Required,Required,Required,Required,Required,Required,Required,Required,,,
Person,,ssn,Social Security Number,string,,applicant,Required,Required,Required,Required,Required,Required,Required,Required,,Required,"7 CFR 273.6 (SNAP); 42 CFR 435.910 (Medicaid); 20 CFR 416.708 (SSI)","Summer EBT follows NSLP rules: one household member SSN or declaration of none",
Person,,gender,Sex/Gender,enum,"male|female|other",applicant,,Required,Required,,Required,Required,Required,,,,
Person,,race,Race,enum,"white|black|asian|american_indian_alaska_native|native_hawaiian_pacific_islander|other|multiracial",applicant,,,,,,,,,,,,"Not used for eligibility; collected for civil rights reporting",
Person,,ethnicity,Ethnicity,enum,"hispanic_latino|not_hispanic_latino",applicant,,,,,,,,,,,,"Not used for eligibility; collected for civil rights reporting",
Person,,relationshipToApplicant,Relationship to Applicant/Head,enum,"self|spouse|child|stepchild|parent|sibling|grandchild|grandparent|aunt_uncle|niece_nephew|cousin|other_relative|unrelated_adult|unrelated_child",applicant,Required,Required,Required,Required,,Required,Required,Required,,Required,,,
Person,,maritalStatus,Marital Status,enum,"single|married|separated|divorced|widowed",applicant,,Required,Required,Required,Required,,Required,,,"42 CFR 435.603 (MAGI); 42 USC 1396r-5 (Non-MAGI spousal impoverishment)",,,
Person,,isApplicant,Is Applicant/Head of Household,boolean,,applicant,Required,Required,Required,Required,Required,,Required,Required,Required,,,,
Person,,citizenshipStatus,Citizenship Status,enum,"us_citizen|us_national|lawful_permanent_resident|refugee|asylee|cuban_haitian_entrant|cofa_citizen|conditional_entrant|paroled_for_one_year|battered_spouse_child|victim_of_trafficking|qualified_alien_other|prucol|undocumented|other",applicant,Required,Required,Required,Required,Required,Required,Required,Required,,Required,"7 CFR 273.4 (SNAP); 42 CFR 435.406 (Medicaid); 8 USC 1611-1615 (PRWORA); OBBBA Section 10108","OBBBA narrowed SNAP non-citizen eligibility to: US citizens, US nationals, LPRs (with 5-year bar), Cuban/Haitian entrants, and COFA citizens only. Refugees, asylees, trafficking victims, parolees, and other qualified aliens no longer SNAP-eligible. Other programs' citizenship rules unchanged. Summer EBT follows NSLP rules."Modified
Person,,immigrationDocumentType,Immigration Document Type,enum,"permanent_resident_card|employment_authorization|arrival_departure_record|refugee_travel_document|other",applicant,Required,Required,Required,Required,Required,,Required,Required,,,"Required when non-citizen; 7 CFR 273.4; 42 CFR 435.406",,
Person,,immigrationDocumentNumber,Immigration Document Number,string,,applicant,Required,Required,Required,Required,Required,,Required,Required,,,"Required when non-citizen",,
Person,,alienRegistrationNumber,Alien Registration Number,string,,applicant,Required,Required,Required,Required,Required,,Required,Required,,,Required when non-citizen,,
Person,,dateOfEntryToUS,Date of Entry to US,date,,applicant,Required,Required,Required,Required,Required,,Required,,,"Required when non-citizen; 8 USC 1613 (5-year bar)",,,
Person,,qualifiedAlienCategory,Qualified Alien Status Category,enum,"lpr|refugee|asylee|cuban_haitian|parolee|battered_spouse_child|trafficking_victim|conditional_entrant|other",applicant,Required,Required,Required,Required,Required,,Required,,,,8 USC 1641,Required when non-citizen,
Person,,isPregnant,Pregnancy Status,boolean,,applicant,,Required,Required,Required,,Required,Required,,,"42 CFR 435.116 (MAGI); 42 CFR 435.170 (Non-MAGI); 7 CFR 246.7 (WIC)",,,
Person,,expectedDueDate,Expected Due Date,date,,applicant,,Required,Required,,,Required,Required,,,"Medicaid counts unborn in household size (MAGI); WIC eligibility",,,
Person,,numberOfExpectedChildren,Number of Expected Children,integer,,applicant,,Required,,,,,,,,,,Medicaid MAGI counts each expected child for household size,
Person,,isBreastfeeding,Breastfeeding Status,boolean,,applicant,,,,,Required,,,,,7 CFR 246.7(c),WIC eligibility for breastfeeding women,
Person,,deliveryDate,Delivery Date,date,,applicant,,,,,Required,,,,,"Used to determine postpartum status for WIC (up to 6 months post-delivery)",,,
Person,,isPostpartum,Postpartum Status (within 6 months of delivery),boolean,,derived,,,,,Required,,,,,7 CFR 246.7(c)(2),"Derived from deliveryDate; within 6 months",
Person,,nutritionalRiskLevel,Nutritional Risk Level,enum,"high|medium|low|none",assessed,,,,,Required,,,,,7 CFR 246.7(e),Determined by WIC-qualified professional,
Person,,nutritionalRiskConditions,Nutritional Risk Conditions,enum,"anthropometric|biochemical|dietary_inadequacy|medical_condition|predisposing_condition|other",assessed,,,,,Required,,,,,7 CFR 246.7(e),"Array in implementation â€” a person may have multiple risk conditions simultaneously",
Person,,isInFosterCare,Foster Care Status,boolean,,applicant,,Required,Required,Required,,,,Required,,Required,,"Foster children categorically eligible for Summer EBT; Medicaid mandatory for foster youth",
Person,,isFormerFosterYouth,Former Foster Youth (age 18-26),boolean,,applicant,,Required,Required,,,,,,,,,42 CFR 435.150,Medicaid to age 26 for former foster youth,
Person,,isEnrolledInSchool,Enrolled in School,boolean,,applicant,,,,,,,,,Required,"42 USC 1762; 7 CFR 292","Must be enrolled in NSLP/SBP-participating school",
Person,,schoolName,School Name,string,,applicant,,,,,,,,,Required,,"Identifies the school for Summer EBT verification",
Person,,schoolDistrict,School District,string,,applicant,,,,,,,,,Required,,"Used to verify school participates in NSLP/SBP",
Person,,gradeLevel,Grade Level,enum,"pre_k|k|1|2|3|4|5|6|7|8|9|10|11|12",applicant,,,,,,,,,Required,,"Confirms school-age enrollment",
Person,,isMigrantYouth,Migrant Youth Status,boolean,,applicant,,,,,,,,,Required,,"Migrant youth categorically eligible for Summer EBT",
Person,,isRunawayYouth,Runaway Youth Status,boolean,,applicant,,,,,,,,,Required,,"Runaway youth categorically eligible for Summer EBT",
Person,,isHeadStartParticipant,Head Start Participant,boolean,,applicant,,,,,,,,,Required,,"Head Start participants categorically eligible for Summer EBT",
Person,,age,Age,integer,,derived,Required,Required,Required,Required,Required,Required,Required,Required,Required,Required,,"Derived from dateOfBirth; used in many eligibility rules",
Person,,isSchoolAge,School Age (approx 5-18),boolean,,derived,,,,,,,,,Required,,"Derived from dateOfBirth; must be school-age for Summer EBT",
Person,,isElderlyOrDisabled,Elderly or Disabled (SNAP),boolean,,derived,Required,,,,,,,,,,,"Derived: age >= 65 or meets SSA disability definition; determines SNAP deductions/resource limits. OBBBA: only elderly/disabled households qualify for automatic HCSUA from LIHEAP payments for SNAP shelter deduction (Section 10103)."Modified
Person,,isAbawdEligible,ABAWD Status,boolean,,derived,Required,,,,,,,,,,"7 CFR 273.24; OBBBA Section 10107","Derived: age 18-64 (OBBBA raised from 54), not disabled, no dependents"Modified
Person,,disabilityStatus,Disability Status (meets SSA definition),boolean,,applicant,Required,,Required,Required,Required,,,,,,20 CFR 416.905 (SSI),"Required for SNAP elderly/disabled provisions, SSI eligibility, and Medicaid non-MAGI disabled pathway",
Person,,disabilityType,Type of Disability/Impairment,text,,applicant,,,,Required,Required,,,,,,20 CFR 416.920-416.929,"Simplified for application purposes; SSA uses a complex five-step sequential evaluation with detailed medical evidence",
Person,,meetsGainfulActivityTest,Unable to Engage in Substantial Gainful Activity,boolean,,assessed,,,,Required,Required,,,,,,20 CFR 416.971-416.975,"SSI SGA determination; also used for Medicaid non-MAGI disabled pathway",
Person,,disabilityDuration,Disability Duration (12+ months or terminal),boolean,,assessed,,,,Required,Required,,,,,,20 CFR 416.909,"SSI duration requirement; also applies to Medicaid non-MAGI disabled pathway",
Person,,isBlind,Blind (meets SSA definition),boolean,,applicant,,,,Required,Required,,,,,,20 CFR 416.981,"SSI blindness; also qualifies for Medicaid non-MAGI blind pathway",
Person,,employerInsuranceAvailable,Employer-Sponsored Insurance Available,boolean,,applicant,,Required,,,,Required,,,,42 CFR 457.310(c),CHIP waiting period for employer coverage,
Person,,employerInsuranceAffordable,Employer Insurance Affordable,boolean,,applicant,,Required,,,,,,,,,,Relevant for Medicaid MAGI/marketplace eligibility,
Person,,veteranStatus,Veteran Status,boolean,,applicant,,,,,,,,Required,,,,Section 8 PHAs commonly grant veteran preference; 24 CFR 982.207,
Person,,isIndianTribalMember,Indian/Tribal Member Status,boolean,,applicant,Required,Required,,,,,,,,,"Indian Health Care Improvement Act; OBBBA Sections 10107 and 2501","As defined in IHCIA: Indian, Urban Indian, or California Indian. OBBBA added as SNAP ABAWD exemption and Medicaid community engagement exemption category."New field
Person,,isStudent,Student Status (higher education),boolean,,applicant,Required,,,,,,,,Required,,,7 CFR 273.5 (SNAP); 24 CFR 5.612 (Section 8),"Students in higher education generally ineligible for SNAP; Section 8 restricts full-time student heads of household",
Person,,studentWorkStudy,Participating in Work-Study,boolean,,applicant,Required,,,,,,,,,7 CFR 273.5(b),Exemption to SNAP student ineligibility,
Person,,studentEmployedMinHours,Employed 20+ Hours Per Week,boolean,,applicant,Required,,,,,,,,,7 CFR 273.5(b),Exemption to SNAP student ineligibility,
Person,,employmentStatus,Employment Status,enum,"employed|self_employed|unemployed|retired|disabled_not_working|student|homemaker|other",applicant,Required,,Required,Required,,,,,,,,,
Person,,snapWorkRegistered,SNAP Work Registration,boolean,,applicant,Required,,,,,,,,,7 CFR 273.7,"Most SNAP applicants 16-59 must register for work; separate from ABAWD requirement",
Person,,snapWorkRegistrationExempt,SNAP Work Registration Exempt,boolean,,applicant,Required,,,,,,,,,7 CFR 273.7(b),"Exempt: disabled, caretaker of child under 6, student, already working 30+ hrs, etc.",
Person,,abawdWorkHoursPerWeek,ABAWD Work Hours Per Week,integer,,applicant,Required,,,,,,,,,7 CFR 273.24(a)(1),Must work/train 20+ hours/week,
Person,,abawdExemptionReason,ABAWD Exemption Reason,enum,"pregnant|physically_mentally_unfit|caring_for_child_under_14|indian_tribal_member|exempt_from_work_registration|other|none",applicant,Required,,,,,,,,,,"7 CFR 273.24(c); OBBBA Section 10107","OBBBA: dependent child age changed from under 18 to under 14; added Indian/tribal member exemption; removed homeless, veteran, and former foster youth exemptions (added by 2023 FRA, struck by OBBBA)"Modified
Person,,medicaidWorkExemptionReason,Medicaid Community Engagement Exemption Reason,enum,"pregnant|postpartum|caregiver_child_13_or_under|caregiver_disabled|medically_frail|blind_or_disabled|substance_use_disorder_treatment|disabling_mental_disorder|serious_medical_condition|recently_incarcerated|foster_youth_under_26|indian_or_alaska_native|disabled_veteran|meeting_tanf_snap_work_req|hardship|none",applicant,,Required,,,,,,,,,"OBBBA Section 2501; effective January 1, 2027","Applies to Medicaid expansion population ages 19-64. States must implement these exemption categories. Hardship exemptions available for hospitalization, disaster, high unemployment areas."New field
Person,,medicaidWorkHoursPerMonth,Medicaid Community Engagement Hours Per Month,integer,,applicant,,Required,,,,,,,,,OBBBA Section 2501,"80 hours/month of qualifying activities: employment, work program/job training, education (half-time), community service, or combination. Effective Jan 2027."New field
Person,,tanfMonthsUsed,TANF Time Limit Months Used,integer,,applicant,,,,,,,,,,,42 USC 608(a)(7),60-month federal lifetime limit,
Person,,tanfTotalWorkHoursPerWeek,TANF Total Work Hours Per Week,integer,,derived,,,,,,,,,,,45 CFR 261.31,"Derived: sum of WorkActivity.hoursPerWeek; 30 hrs/week (single parent) or 35 hrs/week (two-parent)",
Person,,tanfCooperatesWithChildSupport,Cooperates with Child Support Enforcement,boolean,,applicant,,,,,,,,,,,42 USC 608(a)(2),TANF recipients must cooperate unless good cause,
Person,,tanfChildSupportGoodCause,Child Support Cooperation Good Cause Exemption,boolean,,applicant,,,,,,,,,,,"42 USC 608(a)(2)","Good cause: domestic violence, danger to child, etc.",
Person,,isMinorParent,Minor Parent,boolean,,derived,,,,,,,,,,,"Derived: age < 18 and has child",
Person,,minorParentLivingArrangement,Minor Parent Living Arrangement,enum,"with_parent_guardian|adult_supervised_setting|independent_with_exemption",applicant,,,,,,,,,,,42 USC 608(a)(5),TANF requires minor parents to live with parent/guardian or in supervised setting,
Person,,goodCauseExemptionFromWork,Good Cause Exemption from Work Requirements,boolean,,applicant,Required,,,,,,,,,,,
Person,,goodCauseExemptionReason,Good Cause Exemption Reason,enum,"domestic_violence|disability|lack_of_childcare|lack_of_transportation|caring_for_ill_family_member|distance_to_work_site|discrimination|other",applicant,Required,,,,,,,,,,,
Person,,fleeingFelonStatus,Fleeing Felon/Parole Violator,boolean,,applicant,Required,,,Required,Required,,,,,"7 CFR 273.11(n) (SNAP); 42 USC 608(a)(9) (TANF); 42 USC 1382(e)(4) (SSI)",,,
Person,,drugFelonyConviction,Drug Felony Conviction,boolean,,applicant,Required,,,Required,,,,,"21 USC 862a; states may opt out",,Applies to SNAP and TANF,
Person,,drugFelonyConvictionDate,Drug Felony Conviction Date,date,,applicant,Required,,,Required,,,,,"Required if drugFelonyConviction is true",,,
Person,,ipvHistory,Intentional Program Violation History,boolean,,applicant,Required,,,Required,,,,,,7 CFR 273.16 (SNAP),Disqualification periods apply,
Person,,ipvDisqualificationEndDate,IPV Disqualification End Date,date,,applicant,Required,,,Required,,,,,,,
Person,,strikerStatus,Striker Status,boolean,,applicant,Required,,,,,,,,,,7 CFR 273.1(e),Strikers generally ineligible for SNAP,
Person,,institutionalStatus,Institutional Status,enum,"none|nursing_facility|incarcerated|psychiatric_facility|other",applicant,Required,Required,Required,,Required,,,,,"7 CFR 273.11(g) (SNAP); 42 CFR 435.1010 (Medicaid); 20 CFR 416.211 (SSI)","Inmates ineligible for most programs; nursing_facility triggers Medicaid LTC pathway",
Person,,expectedReleaseDate,Expected Release Date,date,,applicant,,Required,Required,,Required,,,,,,,Medicaid suspension/reinstatement for incarcerated individuals,
Person,,needsLongTermCare,Needs Long-Term Care,boolean,,applicant,,,Required,,,,,,,,"42 USC 1396a(a)(10); 42 CFR 435.217","Whether applying for nursing facility or HCBS waiver Medicaid",
Person,,levelOfCareAssessment,Level of Care Assessment,enum,"nursing_facility_level|intermediate_care_level|home_and_community_based|not_assessed",assessed,,,Required,,,,,,,,"42 CFR 441.302; 42 USC 1396n(c)","Functional assessment determining required care level; required for institutional and waiver Medicaid",
Person,,spouseIsInstitutionalized,Spouse Is Institutionalized,boolean,,applicant,,,Required,,,,,,,,42 USC 1396r-5,"Triggers spousal impoverishment protections under MCCA; determines Community Spouse Resource Allowance",
Person,,institutionalizationDate,Date of Institutionalization,date,,applicant,,,Required,,,,,,,,42 USC 1396r-5(c)(1),"Required when spouseIsInstitutionalized is true. Snapshot date for assessing countable resources under spousal impoverishment rules.",
Person,,sexOffenderRegistryStatus,Sex Offender Registry Status,boolean,,applicant,,,,,,,,Required,,,42 USC 13663,Section 8 lifetime ban,
Person,,drugRelatedCriminalActivity,Drug-Related Criminal Activity,boolean,,applicant,,,,,,,,Required,,,42 USC 13661-13663; 24 CFR 982.553,,
Person,,violentCriminalActivity,Violent Criminal Activity,boolean,,applicant,,,,,,,,Required,,,24 CFR 982.553,,
Person,,priorEvictionFromPublicHousing,Prior Eviction from Public Housing,boolean,,applicant,,,,,,,,Required,,,24 CFR 982.552(c),,
Person,,substantialLotteryWinnings,Substantial Lottery/Gambling Winnings,boolean,,applicant,Required,,,,,,,,,,7 CFR 273.11(r),Categorical ineligibility for substantial lottery winnings (SNAP),
Person,,lotteryWinningsAmount,Lottery/Gambling Winnings Amount,number,,applicant,Required,,,,,,,,,,,Required if substantialLotteryWinnings is true,
Person,,receivesOtherBenefits,Receives Other Public Benefits,boolean,,derived,Required,Required,Required,,,Required,Required,,,Required,,"Derived from BenefitParticipation records; used for categorical/adjunctive eligibility. Non-MAGI: SSI receipt often confers automatic Medicaid. WIC: adjunctive eligibility via SNAP/Medicaid/TANF (7 CFR 246.7(d))",
Person,,deemedIncomeFromSpouse,Deemed Income from Spouse,number,,derived,,,,Required,,,,,,,20 CFR 416.1163,SSI spousal deeming calculation,
Person,,deemedIncomeFromParent,Deemed Income from Parent,number,,derived,,,,Required,,,,,,,20 CFR 416.1165,SSI parental deeming calculation (if child),
Person,,taxFilingStatus,Tax Filing Status,enum,"will_file|will_not_file|not_required",applicant,,Required,,,,,Required,,,"42 CFR 435.603(b)-(d)","Medicaid MAGI household determination; not used for non-MAGI",
Person,,taxFilingJointly,Filing Jointly with Spouse,boolean,,applicant,,Required,,,,,Required,,,"42 CFR 435.603(f)(1)",,,
Person,,taxClaimedAsDependent,Claimed as Tax Dependent by Another,boolean,,applicant,,Required,,,,,Required,,,"42 CFR 435.603(f)(2)",,,
Person,,taxClaimedByPersonId,Claimed as Dependent By (Person ID),uuid,,applicant,,Required,,,,,Required,,,,"FK to Person who claims this person as dependent",,,
Person,,taxClaimsDependents,Will Claim Tax Dependents,boolean,,applicant,,Required,,,,,Required,,,"42 CFR 435.603(f)(3)",,,
Person,,createdAt,Created At,datetime,,system,,,,,,,,,,,,,
Person,,updatedAt,Updated At,datetime,,system,,,,,,,,,,,,,
Income,0..N per Person,,,,,,,,,,,,,,,,,,,
Income,,id,Income ID,uuid,,system,,,,,,,,,,,,,
Income,,personId,Person ID,uuid,,system,,,,,,,,,,,,"FK to Person",
Income,,type,Income Type,enum,"employment|self_employment|social_security_oasdi|ssi|unemployment|workers_compensation|child_support_received|alimony|pension_retirement|veterans_benefits|interest_dividends|rental|royalties|tribal_per_capita|lottery_gambling|in_kind_support|other",applicant,Required,Required,Required,Required,Required,Required,Required,Required,Required,Required,,,
Income,,grossAmount,Gross Amount,number,,applicant,Required,Required,Required,Required,Required,Required,Required,Required,Required,Required,,,
Income,,netAmount,Net Amount,number,,derived,Required,,Required,,,,,,,"Derived: grossAmount minus applicable deductions; 7 CFR 273.9(d) for SNAP 20% earned income deduction; non-MAGI uses SSI-methodology deductions in most states",,,
Income,,frequency,Pay Frequency,enum,"hourly|daily|weekly|every_two_weeks|twice_monthly|monthly|quarterly|annually|one_time",applicant,Required,Required,Required,Required,Required,Required,Required,Required,Required,Required,,,
Income,,isSeasonalOrIrregular,Seasonal or Irregular Income,boolean,,applicant,Required,Required,Required,Required,Required,,Required,Required,Required,,"Affects how income is annualized for eligibility determination",,,
Income,,hoursPerWeek,Hours Worked Per Week,integer,,applicant,Required,,,,,,,,,"For employment/self-employment; ABAWD and TANF work requirements",,,
Income,,employerName,Employer Name,string,,applicant,Required,,Required,Required,Required,,,,,,,"For employment type",
Income,,employerStreet,Employer Address Street,string,,applicant,Required,,Required,Required,Required,,,,,,,"For employment type",
Income,,employerCity,Employer Address City,string,,applicant,Required,,Required,Required,Required,,,,,,,,
Income,,employerState,Employer Address State,string,,applicant,Required,,Required,Required,Required,,,,,,,,
Income,,employerZip,Employer Address ZIP,string,,applicant,Required,,Required,Required,Required,,,,,,,,
Income,,tipsAndCommissions,Tips and Commissions,number,,applicant,Required,Required,Required,Required,Required,,Required,Required,,,"For employment type; included in gross income",,,
Income,,businessExpenses,Self-Employment Business Expenses,number,,applicant,Required,,Required,Required,Required,,,,,"7 CFR 273.11(b) (SNAP); 20 CFR 416.1110 (SSI)","For self_employment type; deducted from gross",,,
Income,,startDate,Income Start Date,date,,applicant,,,,,,,,,,,,,
Income,,endDate,Income End Date,date,,applicant,,,,,,,,,,"Null if ongoing",,,
Income,,verificationSource,Verification Source,enum,"pay_stub|employer_letter|tax_return|benefit_letter|bank_statement|self_attestation|other",applicant,Required,Required,Required,Required,Required,Required,Required,Required,Required,,,All programs require income verification,
Income,,createdAt,Created At,datetime,,system,,,,,,,,,,,,,
Income,,updatedAt,Updated At,datetime,,system,,,,,,,,,,,,,
Income - Type Requirements,,"(employment)",Employment Income,,,applicant,Required,Required,Required,Required,Required,Required,Required,Required,Required,Required,,Which programs require disclosure of this income type,
Income - Type Requirements,,"(self_employment)",Self-Employment Income,,,applicant,Required,Required,Required,Required,Required,,Required,Required,Required,,,,
Income - Type Requirements,,"(social_security_oasdi)",Social Security Benefits (OASDI),,,applicant,Required,Required,Required,Required,Required,,Required,Required,Required,,,,
Income - Type Requirements,,"(ssi)",SSI Benefits,,,applicant,Required,Required,Required,,,,Required,Required,,,,
Income - Type Requirements,,"(unemployment)",Unemployment Compensation,,,applicant,Required,Required,Required,Required,Required,,Required,Required,Required,,,,
Income - Type Requirements,,"(workers_compensation)",Workers Compensation,,,applicant,Required,Required,Required,Required,Required,,Required,Required,,,,,
Income - Type Requirements,,"(child_support_received)",Child Support Received,,,applicant,Required,Required,Required,Required,Required,,Required,Required,,,,,
Income - Type Requirements,,"(alimony)",Alimony/Spousal Support Received,,,applicant,Required,Required,Required,Required,Required,,Required,Required,,,,,
Income - Type Requirements,,"(pension_retirement)",Pension/Retirement Income,,,applicant,Required,Required,Required,Required,Required,,Required,Required,Required,,,,
Income - Type Requirements,,"(veterans_benefits)",Veterans Benefits,,,applicant,Required,Required,Required,Required,Required,,Required,Required,,,,,
Income - Type Requirements,,"(interest_dividends)",Interest and Dividends,,,applicant,Required,Required,Required,,Required,,,,,,7 CFR 273.9(b) (SNAP); 20 CFR 416.1121 (SSI),,
Income - Type Requirements,,"(rental)",Rental Income,,,applicant,Required,Required,Required,,Required,,,,,,7 CFR 273.9(b); 20 CFR 416.1121,,
Income - Type Requirements,,"(royalties)",Royalties,,,applicant,Required,Required,Required,,Required,,,,,,,,
Income - Type Requirements,,"(tribal_per_capita)",Tribal Per Capita Payments,,,applicant,Required,Required,Required,,Required,,,,,,,,
Income - Type Requirements,,"(lottery_gambling)",Lottery/Gambling Winnings,,,applicant,Required,Required,Required,,Required,,,,,,,,
Income - Type Requirements,,"(in_kind_support)",In-Kind Support and Maintenance,,,applicant,,,,Required,,,,,,,20 CFR 416.1130,SSI-specific; contributions from others,
Asset,0..N per Person,,,,,,,,,,,,,,,,,,,
Asset,,id,Asset ID,uuid,,system,,,,,,,,,,,,,
Asset,,personId,Person ID,uuid,,system,,,,,,,,,,,,"FK to Person",
Asset,,type,Asset Type,enum,"cash|checking|savings|money_market|cd|stocks_bonds|mutual_funds|retirement_ira|retirement_401k|retirement_other|vehicle|real_property|life_insurance|burial_fund|burial_arrangement|trust|other",applicant,Required,,Required,Required,Required,,,Required,,,"7 CFR 273.8 (SNAP); 42 CFR 435.840 (Medicaid non-MAGI); 20 CFR 416.1201 (SSI); 24 CFR 5.603 (Section 8)","Non-MAGI Medicaid: $2,000 individual / $3,000 couple resource limit (most states follow SSI methodology); Section 8: imputed income from net family assets > $5,000; $50,000 hard asset cap",
Asset,,value,Current Value/Balance,number,,applicant,Required,,Required,Required,Required,,,Required,,,,
Asset,,institutionName,Institution/Description,string,,applicant,Required,,Required,Required,Required,,,Required,,,,
Asset,,accountNumber,Account Number,string,,applicant,,,,,,,,,,,,"For financial accounts",
Asset,,isJointlyOwned,Jointly Owned,boolean,,applicant,Required,,Required,Required,Required,,,Required,,,"Affects how value is counted",,,
Asset,,jointOwnerName,Joint Owner Name,string,,applicant,,,,Required,Required,,,,,,,
Asset,,vehicleMake,Vehicle Make,string,,applicant,Required,,Required,Required,Required,,,,,,,"For vehicle type",
Asset,,vehicleModel,Vehicle Model,string,,applicant,Required,,Required,Required,Required,,,,,,,,
Asset,,vehicleYear,Vehicle Year,integer,,applicant,Required,,Required,Required,Required,,,,,,,,
Asset,,vehicleFairMarketValue,Vehicle Fair Market Value,number,,applicant,Required,,Required,Required,Required,,,,,,7 CFR 273.8(f) (SNAP vehicle exclusion); 20 CFR 416.1218 (SSI auto exclusion),,
Asset,,vehicleUseType,Vehicle Use,enum,"primary_transportation|income_producing|modified_for_disability|other",applicant,Required,,Required,Required,Required,,,,,,,"Determines exclusions",
Asset,,propertyDescription,Property Description,text,,applicant,Required,,Required,Required,Required,,,Required,,,,"For real_property type; Section 8 counts real property equity",
Asset,,propertyFairMarketValue,Property Fair Market Value,number,,applicant,Required,,Required,Required,Required,,,Required,,,,
Asset,,propertyEquity,Property Equity,number,,applicant,Required,,Required,Required,Required,,,Required,,,,
Asset,,isHomestead,Is Primary Residence,boolean,,applicant,Required,,Required,Required,Required,,,,,,7 CFR 273.8(e)(3) (SNAP home exclusion); 20 CFR 416.1212 (SSI home exclusion),Homestead generally excluded,
Asset,,lifeInsuranceFaceValue,Life Insurance Face Value,number,,applicant,Required,,Required,Required,Required,,,,,,20 CFR 416.1230,"SSI: excluded if face value under $1,500; same rule used in most states for non-MAGI Medicaid",
Asset,,lifeInsuranceCashValue,Life Insurance Cash Surrender Value,number,,applicant,Required,,Required,Required,Required,,,Required,,,,"Countable resource if face value over limit; Section 8 counts cash value",
Asset,,burialFundAmount,Burial Fund Amount,number,,applicant,,,,Required,Required,,,,,,20 CFR 416.1231,"SSI: $1,500 burial fund exclusion; non-MAGI Medicaid follows same rule in most states",
Asset,,burialArrangementValue,Burial Arrangement Value,number,,applicant,,,,Required,Required,,,,,,,,
Asset,,trustType,Trust Type,enum,"revocable|irrevocable|special_needs|pooled|other",applicant,Required,,Required,Required,Required,,,,,,20 CFR 416.1201(a); 42 USC 1396p(d),Special needs trusts may be excluded (SSI and Medicaid),
Asset,,trustValue,Trust Value,number,,applicant,Required,,Required,Required,Required,,,,,,,,
Asset,,recentAssetTransfer,Assets Transferred or Sold Recently,boolean,,applicant,,,,Required,Required,,,,,,,"20 CFR 416.1246 (SSI: 36-month look-back); 42 USC 1396p(c) (Medicaid LTC: 60-month look-back per DRA 2005)","SSI uses 36-month look-back; Medicaid non-MAGI LTC uses 60-month look-back. Application should collect all transfers within 60 months to cover both.",
Asset,,transferDate,Transfer Date,date,,applicant,,,,Required,Required,,,,,,,"Required if asset was recently transferred",
Asset,,transferAmount,Transfer Amount/Value,number,,applicant,,,,Required,Required,,,,,,,,
Asset,,verificationSource,Verification Source,enum,"bank_statement|title|deed|appraisal|policy_document|self_attestation|other",applicant,Required,,Required,Required,Required,,,Required,,,"All programs with asset tests require verification",,,
Asset,,createdAt,Created At,datetime,,system,,,,,,,,,,,,,
Asset,,updatedAt,Updated At,datetime,,system,,,,,,,,,,,,,
Asset - Type Requirements,,"(cash)",Cash on Hand,,,applicant,Required,,Required,Required,Required,,,Required,,,"Which programs require disclosure of this asset type",
Asset - Type Requirements,,"(checking)",Checking Accounts,,,applicant,Required,,Required,Required,Required,,,Required,,,,
Asset - Type Requirements,,"(savings)",Savings Accounts,,,applicant,Required,,Required,Required,Required,,,Required,,,,
Asset - Type Requirements,,"(stocks_bonds)",Stocks/Bonds,,,applicant,Required,,Required,Required,Required,,,Required,,,,
Asset - Type Requirements,,"(mutual_funds)",Mutual Funds,,,applicant,Required,,Required,Required,Required,,,Required,,,,
Asset - Type Requirements,,"(retirement_ira)",IRA,,,applicant,Required,,Required,Required,Required,,,Required,,,"7 CFR 273.8(e)(8); 24 CFR 5.603","Some retirement accounts excluded (SNAP); varies by state (TANF); Section 8 counts retirement accounts; non-MAGI Medicaid follows SSI rules in most states",
Asset - Type Requirements,,"(retirement_401k)",401(k)/403(b),,,applicant,Required,,Required,Required,Required,,,Required,,,,
Asset - Type Requirements,,"(vehicle)",Vehicles,,,applicant,Required,,Required,Required,Required,,,,,,,"Section 8 does not count vehicles as assets",
Asset - Type Requirements,,"(real_property)",Real Property (non-homestead),,,applicant,Required,,Required,Required,Required,,,Required,,,"Section 8 counts real property equity",
Asset - Type Requirements,,"(life_insurance)",Life Insurance,,,applicant,Required,,Required,Required,Required,,,Required,,,"Section 8 counts cash surrender value",
Asset - Type Requirements,,"(burial_fund)",Burial Funds/Arrangements,,,applicant,,,,Required,Required,,,,,,,,
Asset - Type Requirements,,"(trust)",Trust Funds,,,applicant,Required,,Required,Required,Required,,,Required,,,,
Expense,0..N per Person,,,,,,,,,,,,,,,,,,"Replaces single-value expense fields on Person; each record is one expense obligation",
Expense,,id,Expense ID,uuid,,system,,,,,,,,,,,,,
Expense,,personId,Person ID,uuid,,system,,,,,,,,,,,,"FK to Person",
Expense,,type,Expense Type,enum,"dependent_care|child_support_paid|medical_insurance_premium|medical_recurring|medical_one_time|court_ordered|disability_assistance|other",applicant,Required,,Required,Required,,,,Required,,,,"SNAP deductions: 7 CFR 273.9(d); Medicaid non-MAGI spend-down: 42 CFR 435.831; Section 8 deductions: 24 CFR 5.611",
Expense,,amount,Amount,number,,applicant,Required,,Required,Required,,,,Required,,,,
Expense,,frequency,Frequency,enum,"weekly|every_two_weeks|twice_monthly|monthly|quarterly|annually|one_time",applicant,Required,,Required,Required,,,,Required,,,,
Expense,,recipientOrProvider,Recipient or Provider,string,,applicant,Required,,Required,Required,,,,,,,"E.g., daycare name for dependent_care; child name for child_support_paid",
Expense,,description,Description,string,,applicant,,,,,,,,,,,,"Additional detail if needed",
Expense,,forPersonId,For Person ID (if dependent care),uuid,,applicant,Required,,,,,,,,,"FK to Person; identifies which dependent the care expense is for",,,
Expense,,courtOrderNumber,Court Order Number (if court ordered),string,,applicant,,,,,,,,,"For child_support_paid and court_ordered types",,,
Expense,,verificationSource,Verification Source,enum,"receipt|bill|court_order|provider_letter|insurance_statement|self_attestation|other",applicant,Required,,Required,Required,,,,Required,,,,
Expense,,createdAt,Created At,datetime,,system,,,,,,,,,,,,,
Expense,,updatedAt,Updated At,datetime,,system,,,,,,,,,,,,,
Expense - Type Requirements,,"(dependent_care)",Dependent Care,,,applicant,Required,,,,,,,,Required,,,"7 CFR 273.9(d)(4) (SNAP); 24 CFR 5.611(a)(3) (Section 8)","Which programs use this expense type",
Expense - Type Requirements,,"(child_support_paid)",Child Support Paid,,,applicant,Required,,,,,,,,Required,,,"7 CFR 273.9(d)(5) (SNAP); 24 CFR 5.611(a)(4) (Section 8)",,
Expense - Type Requirements,,"(medical_insurance_premium)",Medical Insurance Premium,,,applicant,Required,,Required,,,,,,Required,,,"7 CFR 273.9(d)(3) (SNAP elderly/disabled); 42 CFR 435.831 (Medicaid spend-down); 24 CFR 5.611(a)(5) (Section 8 elderly/disabled)","SNAP: only for elderly/disabled household members; Medicaid non-MAGI: deducted in spend-down calculation",
Expense - Type Requirements,,"(medical_recurring)",Medical Recurring Expense,,,applicant,Required,,Required,,,,,,Required,,,"7 CFR 273.9(d)(3); 42 CFR 435.831; 24 CFR 5.611(a)(5)","SNAP: only elderly/disabled; amounts over $35/month. Section 8: elderly/disabled; amounts over 3% annual income. Medicaid non-MAGI: all medical expenses count toward spend-down",
Expense - Type Requirements,,"(medical_one_time)",Medical One-Time Expense,,,applicant,Required,,Required,,,,,,,,,"7 CFR 273.9(d)(3); 42 CFR 435.831","SNAP: only elderly/disabled. Medicaid non-MAGI: counts toward spend-down",
Expense - Type Requirements,,"(court_ordered)",Court-Ordered Payment,,,applicant,Required,,,,,,,,,,,
Expense - Type Requirements,,"(disability_assistance)",Disability Assistance Expense,,,applicant,,,,,,,,,,Required,,,"24 CFR 5.611(a)(6)","Section 8: attendant care or auxiliary apparatus for disabled family member enabling work",
BenefitParticipation,0..N per Person,,,,,,,,,,,,,,,,,,"Replaces otherBenefitsReceived text field; tracks current and past benefit receipt for categorical/adjunctive eligibility",
BenefitParticipation,,id,Benefit Participation ID,uuid,,system,,,,,,,,,,,,,
BenefitParticipation,,personId,Person ID,uuid,,system,,,,,,,,,,,,"FK to Person",
BenefitParticipation,,benefitType,Benefit Type,enum,"snap|medicaid|tanf|ssi|wic|chip|section8|liheap|summer_ebt|head_start|school_meals_free|school_meals_reduced|fdpir|other",applicant,Required,Required,Required,,,,,Required,,,Required,,"Programs that use categorical/adjunctive eligibility",
BenefitParticipation,,isCurrentlyReceiving,Currently Receiving,boolean,,applicant,Required,Required,Required,,,,,Required,,,Required,,
BenefitParticipation,,startDate,Start Date,date,,applicant,,,,,,,,,,,,"When benefit receipt began",
BenefitParticipation,,endDate,End Date,date,,applicant,,,,,,,,,,,,"Null if currently receiving",
BenefitParticipation,,caseNumber,Case/Benefit Number,string,,applicant,,,,,,,,,,,,"For verification of benefit receipt",
BenefitParticipation,,createdAt,Created At,datetime,,system,,,,,,,,,,,,,
BenefitParticipation,,updatedAt,Updated At,datetime,,system,,,,,,,,,,,,,
BenefitParticipation - Type Requirements,,"(snap)",SNAP,,,applicant,,,,,,,Required,,,Required,,"Which benefit types trigger categorical/adjunctive eligibility for which programs",
BenefitParticipation - Type Requirements,,"(medicaid)",Medicaid,,,applicant,,,,,,Required,,,,Required,,"WIC adjunctive eligibility; Summer EBT categorical eligibility",
BenefitParticipation - Type Requirements,,"(tanf)",TANF,,,applicant,Required,,,,,Required,,,,Required,"7 CFR 273.2(j) (SNAP categorical eligibility)","SNAP categorical; WIC adjunctive; Summer EBT categorical",
BenefitParticipation - Type Requirements,,"(ssi)",SSI,,,applicant,Required,,Required,,,,,,,,"7 CFR 273.2(j); 42 USC 1396a(a)(10)(A)(i)(II)","SNAP categorical eligibility; SSI recipients receive automatic Medicaid in most (1634) states",
BenefitParticipation - Type Requirements,,"(fdpir)",FDPIR,,,applicant,,,,,,,,,,Required,,"Summer EBT categorical eligibility",
BenefitParticipation - Type Requirements,,"(head_start)",Head Start,,,applicant,,,,,,,,,,Required,,"Summer EBT categorical eligibility",
BenefitParticipation - Type Requirements,,"(school_meals_free)",Free School Meals,,,applicant,,,,,,,,,,Required,,"Summer EBT categorical eligibility",
BenefitParticipation - Type Requirements,,"(school_meals_reduced)",Reduced-Price School Meals,,,applicant,,,,,,,,,,Required,,"Summer EBT categorical eligibility",
HealthCoverage,0..N per Person,,,,,,,,,,,,,,,,,,"Replaces single-value health insurance fields; a person may have multiple coverages simultaneously",
HealthCoverage,,id,Health Coverage ID,uuid,,system,,,,,,,,,,,,,
HealthCoverage,,personId,Person ID,uuid,,system,,,,,,,,,,,,"FK to Person",
HealthCoverage,,coverageType,Coverage Type,enum,"employer|marketplace|medicaid|medicare|tricare|va|chip|cobra|other",applicant,,Required,Required,,,,,Required,,,,
HealthCoverage,,medicarePart,Medicare Part,enum,"part_a|part_b|part_c_advantage|part_d",applicant,,,Required,,,,,,,,"42 USC 1396d(p); 42 USC 1396a(a)(10)(E)","For medicare coverageType only. Determines eligibility for Medicaid Savings Programs: QMB (Part A required), SLMB, QI.",
HealthCoverage,,insurerName,Insurer Name,string,,applicant,,Required,Required,,,,,Required,,,,
HealthCoverage,,policyNumber,Policy Number,string,,applicant,,,,,,,,,,,,"For verification",
HealthCoverage,,isCurrentlyActive,Currently Active,boolean,,applicant,,Required,Required,,,,,Required,,,,
HealthCoverage,,startDate,Coverage Start Date,date,,applicant,,Required,Required,,,,,Required,,,,
HealthCoverage,,endDate,Coverage End Date,date,,applicant,,Required,Required,,,,,Required,,,"42 CFR 457.310 (CHIP waiting period)","Used to determine CHIP waiting period after employer coverage loss; Medicaid is payer of last resort (42 CFR 433.138)",
HealthCoverage,,monthlyPremium,Monthly Premium,number,,applicant,Required,,Required,,,,,,,"7 CFR 273.9(d)(3)","SNAP: medical deduction for elderly/disabled includes insurance premiums; Medicaid non-MAGI: counts toward spend-down",
HealthCoverage,,isEmployerSponsored,Employer-Sponsored,boolean,,applicant,,Required,Required,,,,,Required,,,,,
HealthCoverage,,createdAt,Created At,datetime,,system,,,,,,,,,,,,,
HealthCoverage,,updatedAt,Updated At,datetime,,system,,,,,,,,,,,,,
Sponsor,0..1 per Person,,,,,,,,,,,,,,,,,,"Replaces flat sponsor fields; captures full sponsor data needed for deeming calculations under PRWORA",
Sponsor,,id,Sponsor ID,uuid,,system,,,,,,,,,,,,,
Sponsor,,personId,Person ID,uuid,,system,,,,,,,,,,,,"FK to Person (the sponsored immigrant)",
Sponsor,,sponsorName,Sponsor Name,string,,applicant,Required,Required,Required,,,,,,Required,,,"7 CFR 273.4(c)(2) (SNAP); 42 CFR 435.145 (Medicaid)",,,
Sponsor,,sponsorRelationship,Relationship to Sponsored Person,enum,"parent|spouse|sibling|child|other_relative|other",applicant,Required,Required,Required,,,,,,Required,,,,
Sponsor,,sponsorHouseholdSize,Sponsor Household Size,integer,,applicant,Required,Required,Required,,,,,,Required,,,"Needed for sponsor deeming calculation",
Sponsor,,sponsorAnnualIncome,Sponsor Annual Income,number,,applicant,Required,Required,Required,,,,,,Required,,,,,
Sponsor,,sponsorCountableResources,Sponsor Countable Resources,number,,applicant,Required,,Required,,,,,,,,,"SNAP and Medicaid non-MAGI sponsor deeming includes resources",
Sponsor,,numberOfSponsoredPersons,Number of Persons Sponsored,integer,,applicant,Required,Required,Required,,,,,,Required,,,"Sponsor income/resources divided among all sponsored persons",,,
Sponsor,,affidavitOfSupportDate,Affidavit of Support (I-864) Date,date,,applicant,Required,Required,Required,,,,,,Required,,,"8 USC 1183a","Date of legally binding affidavit",
Sponsor,,createdAt,Created At,datetime,,system,,,,,,,,,,,,,
Sponsor,,updatedAt,Updated At,datetime,,system,,,,,,,,,,,,,
AuthorizedRepresentative,0..N per Person,,,,,,,,,,,,,,,,,,"A person may have different authorized representatives for different scopes (e.g., one for application, another for benefit receipt per 7 CFR 273.2(n)(3))",
AuthorizedRepresentative,,id,Authorized Representative ID,uuid,,system,,,,,,,,,,,,,
AuthorizedRepresentative,,personId,Person ID,uuid,,system,,,,,,,,,,,,"FK to Person",
AuthorizedRepresentative,,firstName,First Name,string,,applicant,Required,Required,Required,Required,Required,,Required,Required,,,,
AuthorizedRepresentative,,lastName,Last Name,string,,applicant,Required,Required,Required,Required,Required,,Required,Required,,,,
AuthorizedRepresentative,,relationship,Relationship,enum,"spouse|parent|child|sibling|other_relative|friend|social_worker|attorney|other",applicant,Required,Required,Required,Required,Required,,Required,Required,,,"7 CFR 273.2(n) (SNAP)",,,
AuthorizedRepresentative,,phoneNumber,Phone Number,string,,applicant,Required,Required,Required,Required,Required,,Required,Required,,,,
AuthorizedRepresentative,,street1,Address Line 1,string,,applicant,,,,,,,,,,,,"For correspondence",
AuthorizedRepresentative,,city,City,string,,applicant,,,,,,,,,,,,,
AuthorizedRepresentative,,state,State,string,,applicant,,,,,,,,,,,,,
AuthorizedRepresentative,,zip,ZIP,string,,applicant,,,,,,,,,,,,,
AuthorizedRepresentative,,scopeOfAuthority,Scope of Authority,enum,"full|application_only|benefits_receipt_only|correspondence_only",applicant,Required,Required,Required,Required,Required,,Required,Required,,,,
AuthorizedRepresentative,,createdAt,Created At,datetime,,system,,,,,,,,,,,,,
AuthorizedRepresentative,,updatedAt,Updated At,datetime,,system,,,,,,,,,,,,,
WorkActivity,0..N per Person,,,,,,,,,,,,,,,,,,"Replaces single tanfWorkActivityType; TANF participants may combine multiple activities to meet hour requirements",
WorkActivity,,id,Work Activity ID,uuid,,system,,,,,,,,,,,,,
WorkActivity,,personId,Person ID,uuid,,system,,,,,,,,,,,,"FK to Person",
WorkActivity,,activityType,Activity Type,enum,"unsubsidized_employment|subsidized_employment|work_experience|on_the_job_training|job_search|community_service|vocational_training|child_care_for_community_service|job_readiness|satisfactory_school_attendance|education_directly_related|other",applicant,,,,,,,,,,,,45 CFR 261.30,Countable TANF work activities,
WorkActivity,,hoursPerWeek,Hours Per Week,integer,,applicant,,,,,,,,,,,,45 CFR 261.31,,
WorkActivity,,providerOrEmployer,Provider or Employer,string,,applicant,,,,,,,,,,,,,
WorkActivity,,startDate,Start Date,date,,applicant,,,,,,,,,,,,,
WorkActivity,,endDate,End Date,date,,applicant,,,,,,,,,,,,"Null if ongoing",
WorkActivity,,createdAt,Created At,datetime,,system,,,,,,,,,,,,,
WorkActivity,,updatedAt,Updated At,datetime,,system,,,,,,,,,,,,,
Eligibility Determination,1 per Person per Program,,,,,,,,,,,,,,,,,,"Derived/calculated results; not applicant-provided",
Eligibility Determination,,id,Determination ID,uuid,,system,,,,,,,,,,,,,
Eligibility Determination,,personId,Person ID,uuid,,system,,,,,,,,,,,,"FK to Person",
Eligibility Determination,,householdId,Household ID,uuid,,system,,,,,,,,,,,,"FK to Household",
Eligibility Determination,,program,Program,enum,"snap|medicaid_magi|medicaid_non_magi|tanf|ssi|wic|chip|section8|liheap|summer_ebt",system,,,,,,,,,,,,,,
Eligibility Determination,,grossIncomeMonthly,Gross Monthly Income (household),number,,derived,Required,Required,Required,Required,,Required,Required,Required,Required,Required,,"Annualized from all Income records, converted to monthly",
Eligibility Determination,,netIncomeMonthly,Net Monthly Income (household),number,,derived,Required,,Required,,,,,,,"7 CFR 273.9(d)","Gross minus applicable deductions (earned income, shelter, dependent care, etc.); non-MAGI uses SSI-methodology deductions",
Eligibility Determination,,countableResources,Countable Resources,number,,derived,Required,,Required,Required,Required,,,Required,,,"7 CFR 273.8 (SNAP); 42 CFR 435.840 (Medicaid non-MAGI); 20 CFR 416.1201 (SSI); 24 CFR 5.603 (Section 8)","Total assets minus exclusions",
Eligibility Determination,,federalPovertyLevelPercent,Income as % of Federal Poverty Level,number,,derived,Required,Required,Required,Required,,Required,Required,Required,Required,Required,,"Based on household size and gross income",
Eligibility Determination,,spendDownAmount,Spend-Down Amount,number,,derived,,,Required,,,,,,,,,"42 USC 1396a(a)(10)(C); 42 CFR 435.831","Medically needy spend-down: amount of medical expenses person must incur to reduce countable income to medically needy income level. Only applies to non-MAGI Medicaid.",
Eligibility Determination,,categoricallyEligible,Categorically Eligible,boolean,,derived,Required,,Required,,,,Required,,,,Required,"7 CFR 273.2(j); 7 CFR 246.7(d); 42 USC 1396a(a)(10)(A)(i)(II)","SNAP: receiving TANF/SSI; WIC: adjunctive via SNAP/Medicaid/TANF; Summer EBT: SNAP/Medicaid/TANF/foster/homeless/migrant/runaway/Head Start; Medicaid non-MAGI: SSI recipients in 1634 states",
Eligibility Determination,,incomeEligible,Income Eligible,boolean,,derived,Required,Required,Required,Required,Required,Required,Required,Required,Required,Required,,"Gross and/or net income within program limits",
Eligibility Determination,,resourceEligible,Resource Eligible,boolean,,derived,Required,,Required,Required,Required,,,Required,,,"Programs with asset tests; non-MAGI Medicaid: $2,000/$3,000 (most states); Section 8: $50,000 cap",
Eligibility Determination,,citizenshipEligible,Citizenship Eligible,boolean,,derived,Required,Required,Required,Required,Required,Required,Required,Required,,Required,24 CFR 5.504 (Section 8),"Section 8 requires eligible citizenship/immigration status",
Eligibility Determination,,workRequirementMet,Work Requirement Met,boolean,,derived,Required,Required,,Required,,,,,,,,"OBBBA Section 2501 (Medicaid); 45 CFR 261.31 (TANF)","OBBBA adds Medicaid community engagement requirement for expansion population ages 19-64, effective Jan 2027. TANF work participation was already federally required."Modified
Eligibility Determination,,schoolEnrollmentVerified,School Enrollment Verified,boolean,,derived,,,,,,,,,,Required,"42 USC 1762; 7 CFR 292","Summer EBT: child enrolled in NSLP/SBP-participating school",
Eligibility Determination,,overallEligible,Overall Eligible,boolean,,derived,Required,Required,Required,Required,Required,Required,Required,Required,Required,Required,,"All eligibility factors satisfied",
Eligibility Determination,,determinationDate,Determination Date,datetime,,system,,,,,,,,,,,,,
Eligibility Determination,,determinationReason,Determination Reason,text,,system,,,,,,,,,,,,"Explanation of eligibility/ineligibility; free text appropriate here as reasons are highly variable",
